{"count":1,"gauges":{},"self":3991.355392,"total":5391.7565458,"children":{"AgentResetIfDone":{"count":264517,"self":2.1126782,"total":2.1126782,"children":null},"AgentSendState":{"count":264517,"self":4.7217047999999995,"total":14.9497127,"children":{"CollectObservations":{"count":264518,"self":10.228007999999999,"total":10.228007999999999,"children":null}}},"DecideAction":{"count":264517,"self":1341.0558976,"total":1361.8257823,"children":{"RayPerceptionSensor.Perceive":{"count":264518,"self":20.7698432,"total":20.7698425,"children":null}}},"AcademyStep":{"count":264517,"self":1.1910055,"total":1.1910055,"children":null},"AgentAct":{"count":264517,"self":20.321104,"total":20.3211045,"children":null}}}