{"count":1,"self":44978.9100032,"total":45398.6955053,"children":{"AgentResetIfDone":{"count":79784,"self":0.5003823,"total":0.5003823,"children":null},"AgentSendState":{"count":79784,"self":1.1629451,"total":5.2125601999999995,"children":{"CollectObservations":{"count":79784,"self":4.0496152,"total":4.0496151,"children":null}}},"DecideAction":{"count":79784,"self":403.10446079999997,"total":406.3042602,"children":{"RayPerceptionSensor.Perceive":{"count":79784,"self":3.1998089999999997,"total":3.1998089999999997,"children":null}}},"AcademyStep":{"count":79784,"self":0.3171053,"total":0.3171053,"children":null},"AgentAct":{"count":79784,"self":7.4487488,"total":7.4487486,"children":null}}}