{"count":1,"gauges":{},"self":244215.70969599998,"total":244670.54102029998,"children":{"AgentResetIfDone":{"count":82689,"self":0.6905451,"total":0.6905451,"children":null},"AgentSendState":{"count":82689,"self":1.6109925999999999,"total":5.4660332999999994,"children":{"CollectObservations":{"count":82690,"self":3.8550408,"total":3.8550407,"children":null}}},"DecideAction":{"count":82689,"self":436.45450239999997,"total":442.34868509999995,"children":{"RayPerceptionSensor.Perceive":{"count":82690,"self":5.8941968,"total":5.8941966999999993,"children":null}}},"AcademyStep":{"count":82689,"self":0.33513529999999997,"total":0.33513529999999997,"children":null},"AgentAct":{"count":82689,"self":5.9786424,"total":5.9786423,"children":null}}}