{"count":1,"self":0.1067144,"total":0.1077117,"children":null}