{"count":1,"self":204.13899519999998,"total":280.4826935,"children":{"AgentResetIfDone":{"count":10942,"self":0.0712366,"total":0.0712366,"children":null},"AgentSendState":{"count":10942,"self":0.14726319999999998,"total":0.8790728,"children":{"CollectObservations":{"count":10942,"self":0.7318096,"total":0.7318096,"children":null}}},"DecideAction":{"count":10942,"self":73.4858496,"total":73.920283799999993,"children":{"RayPerceptionSensor.Perceive":{"count":10942,"self":0.43443109999999996,"total":0.43443109999999996,"children":null}}},"AcademyStep":{"count":10942,"self":0.055946699999999995,"total":0.055946699999999995,"children":null},"AgentAct":{"count":10942,"self":1.4151346999999999,"total":1.4151346999999999,"children":null}}}