{"count":1,"gauges":{},"self":3187.6087807999997,"total":4060.0974846999998,"children":{"AgentResetIfDone":{"count":173230,"self":3.2237959999999997,"total":3.2237961,"children":null},"AgentSendState":{"count":173230,"self":3.6264003999999996,"total":12.3477765,"children":{"CollectObservations":{"count":69292,"self":8.721376,"total":8.721376,"children":null}}},"DecideAction":{"count":173230,"self":803.403008,"total":815.4915387,"children":{"RayPerceptionSensor.Perceive":{"count":69292,"self":12.088540799999999,"total":12.0885406,"children":null}}},"AcademyStep":{"count":173230,"self":1.5199285,"total":1.5199285,"children":null},"AgentAct":{"count":173230,"self":39.9047328,"total":39.9047341,"children":null}}}