{"count":1,"gauges":{},"self":803.57032959999992,"total":1396.5782210999998,"children":{"AgentResetIfDone":{"count":55884,"self":1.1338736,"total":1.1338736,"children":null},"AgentSendState":{"count":55884,"self":2.1173476,"total":8.6885993,"children":{"CollectObservations":{"count":55884,"self":6.5712516,"total":6.5712516999999995,"children":null}}},"DecideAction":{"count":55884,"self":568.4978688,"total":573.60543239999993,"children":{"RayPerceptionSensor.Perceive":{"count":55884,"self":5.1075592,"total":5.1075592,"children":null}}},"AgentAct":{"count":55884,"self":9.57896,"total":9.5789602,"children":null}}}